step,context0,context1,context2
0,0.42680347,0.71747833,0.77744937
1,0.76398695,0.37420058,0.27790335
2,0.21517156,0.8174671,0.36931372
3,0.25904372,0.8767028,0.56547326
4,0.58620036,0.1697303,0.97095156
5,0.20225519,0.3152234,0.78451127
6,0.56884784,0.5325206,0.90722364
7,0.8831536,0.1584421,0.19864781
8,0.09591106,0.76420933,0.9487905
9,0.1019032,0.48015332,0.99544
10,0.24210341,0.39509055,0.12074959
11,0.43939847,0.44973388,0.6371898
12,0.077789135,0.8861052,0.8450581
13,0.32024917,0.031112172,0.21470591
14,0.47413775,0.6047324,0.5815093
15,0.67152476,0.22285807,0.3077704
16,0.78361976,0.42021656,0.8377794
17,0.78181785,0.14099075,0.78072834
18,0.30985934,0.94741696,0.009292809
19,0.59606266,0.5433114,0.2706679
20,0.7261741,0.9027433,0.9167674
21,0.9361992,0.32882646,0.056598216
22,0.09671032,0.7373174,0.24571583
23,0.7850152,0.7986132,0.8288593
24,0.7329801,0.08971208,0.36091763
25,0.51145107,0.35494533,0.0503964
26,0.41247112,0.6568471,0.050593838
27,0.7801922,0.55940616,0.2985049
28,0.14049563,0.05958268,0.23825745
29,0.94833004,0.16568366,0.6668714
30,0.07473945,0.45177627,0.93577033
31,0.39214897,0.098208584,0.66262996
32,0.40142837,0.821176,0.67385036
33,0.8448595,0.21532674,0.7290158
34,0.45127267,0.727184,0.06695798
35,0.0051143654,0.7576445,0.84061605
36,0.25146934,0.51099885,0.21194457
37,0.9438728,0.95061237,0.9692449
38,0.7730357,0.12361305,0.64984477
39,0.39222935,0.5156989,0.40544564
40,0.67142636,0.8703746,0.68606335
41,0.18848304,0.21881269,0.5407163
42,0.90292645,0.61930573,0.76923054
43,0.027668945,0.6405434,0.78139526
44,0.06937783,0.625528,0.104149446
45,0.055174336,0.24847293,0.6101541
46,0.42962986,0.16756703,0.78486663
47,0.9613417,0.84581935,0.17439158
48,0.44258472,0.022126036,0.12069376
49,0.6084692,0.9955625,0.08465114
50,0.17670944,0.79309595,0.16506818
51,0.3619622,0.56478983,0.9841305
52,0.8526672,0.9007721,0.1658588
53,0.76374865,0.2100168,0.4123142
54,0.65298563,0.11961603,0.6212105
55,0.25752527,0.222718,0.8179336
56,0.07244506,0.8257076,0.42412084
57,0.5600202,0.8118259,0.23654075
58,0.44056728,0.32348707,0.52142316
59,0.51429564,0.5903702,0.8278897
60,0.28666252,0.6071608,0.31604674
61,0.03454514,0.6933038,0.63998914
62,0.604464,0.49524462,0.6128014
63,0.42137945,0.5264874,0.16925737
64,0.64782894,0.15146519,0.8558375
65,0.38527653,0.7151169,0.7518221
66,0.77354884,0.71992725,0.63772374
67,0.7524273,0.60682,0.85007924
68,0.06786789,0.21289213,0.64151824
69,0.176827,0.42289943,0.50859475
70,0.8535299,0.16676262,0.57050216
71,0.7760684,0.40939838,0.97991043
72,0.9501723,0.13977309,0.7959501
73,0.347753,0.74247205,0.8035503
74,0.4321633,0.5900502,0.8270021
75,0.03195244,0.8514826,0.48832598
76,0.03294293,0.6234068,0.8867707
77,0.47866455,0.21405792,0.6287389
78,0.66847825,0.7202226,0.7471471
79,0.40553084,0.31457558,0.4817009
80,0.42829496,0.32059795,0.28234312
81,0.8537438,0.8903253,0.23817776
82,0.5836831,0.580024,0.08355686
83,0.5957256,0.867637,0.2572851
84,0.10830706,0.5859135,0.24603301
85,0.6226712,0.28750142,0.29330477
86,0.07203239,0.43910155,0.74322677
87,0.7072427,0.06505025,0.38084936
88,0.37511244,0.54127705,0.9937356
89,0.12806848,0.5014002,0.16870813
90,0.73721254,0.47559887,0.8511559
91,0.36218053,0.59145623,0.08756078
92,0.12685825,0.57590324,0.638185
93,0.84874195,0.60208803,0.010505945
94,0.09108443,0.19002886,0.64970636
95,0.12848379,0.8142489,0.08273446
96,0.674045,0.6799155,0.79977286
97,0.4884801,0.43310788,0.15283388
98,0.964264,0.6371949,0.92411417
99,0.046409592,0.9140138,0.48942524
100,0.94156885,0.0025020114,0.6955645
101,0.93254954,0.9857992,0.67541635
102,0.91291565,0.903717,0.36322728
103,0.6905256,0.22574827,0.71922
104,0.04990726,0.9362764,0.19709164
105,0.05779708,0.7450523,0.19874449
106,0.36676943,0.42731804,0.26822504
107,0.44583657,0.063782714,0.53198576
108,0.8902503,0.61663795,0.28503463
109,0.6871747,0.04790366,0.255184
110,0.5724333,0.30093113,0.43565145
111,0.84979075,0.90164477,0.85473216
112,0.66005516,0.54005307,0.36296168
113,0.77259123,0.6970958,0.17432977
114,0.7041308,0.47356132,0.116297506
115,0.16958418,0.6686788,0.122589745
116,0.1304752,0.1576829,0.48558122
117,0.12544522,0.77216786,0.5428234
118,0.28864446,0.49984083,0.7001224
119,0.7696631,0.6711744,0.8695794
120,0.1915148,0.69559497,0.6243322
121,0.15028684,0.76342344,0.25335282
122,0.17114729,0.009667548,0.2633313
123,0.045180477,0.38376644,0.1925513
124,0.20237963,0.954092,0.4680114
125,0.03553888,0.6396572,0.30570406
126,0.15003142,0.009105996,0.050274603
127,0.7629755,0.44249502,0.43214098
128,0.71367854,0.9457634,0.9330714
129,0.4305629,0.8028148,0.8054663
130,0.6134128,0.15737504,0.7451465
131,0.2658573,0.18947232,0.55577344
132,0.92052203,0.41452947,0.54017115
133,0.5161291,0.10705909,0.7019407
134,0.73360366,0.20143445,0.25894752
135,0.34173992,0.97893655,0.23523934
136,0.4823849,0.91803324,0.83819145
137,0.1912037,0.6618465,0.6323345
138,0.26251766,0.8206905,0.59625214
139,0.59933144,0.3712841,0.7783255
140,0.66769046,0.4649115,0.38115025
141,0.54528916,0.98720837,0.26177347
142,0.43213174,0.6311419,0.7196843
143,0.71760666,0.3303785,0.054030377
144,0.13239978,0.7061584,0.34403998
145,0.63589925,0.19276167,0.73656344
146,0.5460078,0.47802916,0.910112
147,0.027075538,0.063850924,0.20861699
148,0.91297567,0.2612756,0.61436033
149,0.36000657,0.117166355,0.06812819
150,0.17791477,0.6026641,0.33142397
151,0.20519927,0.89903414,0.98888
152,0.13782206,0.9639951,0.74047667
153,0.47267964,0.6685568,0.43118858
154,0.60502857,0.5908929,0.37859717
155,0.90980047,0.25089085,0.5610875
156,0.2605045,0.044717837,0.92986876
157,0.64143753,0.696872,0.82032555
158,0.35842708,0.9861781,0.10301631
159,0.58220387,0.39187893,0.5003212
160,0.24098797,0.6732694,0.6076034
161,0.122529924,0.5255072,0.32554868
162,0.9732198,0.38086715,0.58486676
163,0.2280961,0.005627031,0.40873322
164,0.757884,0.87160397,0.91546106
165,0.16773191,0.8586205,0.0036046952
166,0.08008736,0.3367975,0.9300217
167,0.18448402,0.8671759,0.4366777
168,0.9133172,0.8150188,0.5032473
169,0.19714934,0.9028973,0.039525043
170,0.71878505,0.76442534,0.6445746
171,0.03770286,0.62137675,0.7308408
172,0.74696875,0.5670312,0.092787914
173,0.20206645,0.5036841,0.75662637
174,0.7914191,0.9651022,0.30635774
175,0.78072053,0.6520565,0.38464946
176,0.92099255,0.76687825,0.8766338
177,0.7123795,0.7744723,0.8734266
178,0.63615483,0.606021,0.7359497
179,0.46013147,0.706287,0.24932097
180,0.3772085,0.91047835,0.790064
181,0.8984517,0.43756077,0.0446617
182,0.6667008,0.09667903,0.6342348
183,0.43269345,0.69775116,0.32001984
184,0.4049228,0.9479506,0.078964345
185,0.8055292,0.3798594,0.5783872
186,0.97981703,0.27875578,0.4378338
187,0.28623652,0.9490589,0.63531953
188,0.38986802,0.401678,0.22252981
189,0.3590317,0.20254403,0.998339
190,0.62773687,0.7132752,0.5778366
191,0.60127944,0.021767568,0.29882002
192,0.54995435,0.90633005,0.68457603
193,0.058744773,0.19598219,0.21545991
194,0.3386944,0.9400277,0.97234
195,0.03573542,0.75582546,0.72525465
196,0.38041535,0.14335899,0.8954207
197,0.28850907,0.41805723,0.4215928
198,0.49411777,0.8918692,0.7217816
199,0.31808802,0.3261118,0.046880484
200,0.5482869,0.6353976,0.5820751
201,0.033351816,0.29091412,0.42711923
202,0.7003085,0.16928087,0.46131474
203,0.9240748,0.5887859,0.8717852
204,0.5722829,0.70606804,0.59630305
205,0.23597208,0.8746184,0.6411923
206,0.61225724,0.4841906,0.738939
207,0.37688547,0.6954206,0.114955194
208,0.10637877,0.43098202,0.29085645
209,0.9336781,0.5529766,0.18374142
210,0.87926143,0.6793945,0.44773424
211,0.2868727,0.2281039,0.05965612
212,0.47563127,0.8973733,0.10149649
213,0.7654872,0.3020649,0.6301795
214,0.9078391,0.46658424,0.9031353
215,0.6838606,0.8602629,0.1239156
216,0.4318094,0.4002608,0.7518473
217,0.7729767,0.21883766,0.41088703
218,0.44988024,0.49376205,0.6348736
219,0.28636563,0.4896887,0.56229204
220,0.91335315,0.5179684,0.9322447
221,0.9082702,0.73107946,0.38698173
222,0.637857,0.43684855,0.3290677
223,0.63474643,0.4285503,0.39826962
224,0.20459211,0.06316621,0.27863535
225,0.9839659,0.4885221,0.19552118
226,0.57640666,0.76253754,0.45065564
227,0.67498606,0.6379223,0.18346317
228,0.4388021,0.5817878,0.5810027
229,0.31249577,0.082210116,0.09998099
230,0.33973306,0.66105944,0.08140471
231,0.5698275,0.07547166,0.30065152
232,0.56936544,0.43014005,0.56332934
233,0.73231715,0.21766123,0.6572366
234,0.06326996,0.15276268,0.16390549
235,0.2635427,0.9935907,0.19007973
236,0.035780538,0.22470072,0.043685548
237,0.7753739,0.3708918,0.5019508
238,0.4088904,0.5621338,0.37896392
239,0.91801107,0.6692726,0.21685286
240,0.21338096,0.9133254,0.88578093
241,0.443779,0.5949523,0.16359383
242,0.040830255,0.35622722,0.49087736
243,0.71450657,0.6912612,0.9855537
244,0.6016259,0.9739928,0.6886932
245,0.36332572,0.3523227,0.42472622
246,0.5945214,0.26335153,0.39824134
247,0.011970977,0.43302563,0.6862372
248,0.5084317,0.46737644,0.2830631
249,0.90236324,0.07071497,0.41858876
250,0.5042547,0.85800606,0.7438379
251,0.35614693,0.37641013,0.8827306
252,0.8802031,0.68197733,0.781345
253,0.7261966,0.6064285,0.79668754
254,0.54935867,0.69321007,0.56219023
255,0.0043326137,0.854542,0.810979
256,0.26882136,0.8586406,0.77987397
257,0.42896235,0.3966615,0.66487384
258,0.90353566,0.10518346,0.17648852
259,0.16943784,0.64221805,0.18828313
260,0.19965008,0.96628344,0.39776078
261,0.08430942,0.5952689,0.63627756
262,0.51755863,0.75424886,0.3750572
263,0.83488923,0.11588085,0.6027734
264,0.9258274,0.11598475,0.8860738
265,0.6294099,0.85564435,0.802886
266,0.71243733,0.70061386,0.13732533
267,0.7731937,0.70278335,0.96315163
268,0.6003512,0.96861637,0.3757039
269,0.2952551,0.039020933,0.1527365
270,0.75973773,0.023041187,0.23051564
271,0.16101003,0.36671078,0.10200209
272,0.5210972,0.30704004,0.3940432
273,0.30134723,0.87583655,0.9003959
274,0.67735356,0.95528096,0.9765979
275,0.8609225,0.67133725,0.79653674
276,0.27357274,0.16881402,0.56472427
277,0.24394089,0.4722342,0.8881772
278,0.92015475,0.78683805,0.71093255
279,0.13562424,0.9365259,0.010590057
280,0.22782452,0.5645593,0.5330047
281,0.003297227,0.9100655,0.39551577
282,0.9738001,0.03525296,0.6481079
283,0.77223164,0.18259536,0.10392341
284,0.43361312,0.41693482,0.7244521
285,0.12918495,0.93809015,0.31713605
286,0.115932554,0.45221716,0.40086165
287,0.8020135,0.23318037,0.38469404
288,0.3437346,0.7490999,0.3919128
289,0.64191145,0.56947535,0.29241574
290,0.6371801,0.49437132,0.54007804
291,0.63308305,0.48907584,0.44827753
292,0.9359545,0.26048908,0.042746037
293,0.0035119434,0.71516126,0.3505025
294,0.81091404,0.21409814,0.8478035
295,0.7220154,0.22138819,0.76577926
296,0.12305726,0.6958243,0.5404175
297,0.8706827,0.51922053,0.7446329
298,0.98245996,0.14094101,0.3415115
299,0.25624648,0.0026007493,0.46553722
300,0.07295942,0.63515717,0.92025876
301,0.24868517,0.87941974,0.8767575
302,0.18282354,0.16693988,0.29410723
303,0.40531915,0.19373089,0.116065465
304,0.72570944,0.03688336,0.8115314
305,0.57420266,0.2539,0.16174415
306,0.27615738,0.55906785,0.06978831
307,0.26846337,0.5275377,0.028029365
308,0.29963222,0.589389,0.31368026
309,0.5001169,0.9600071,0.61644626
310,0.0678361,0.057893287,0.45220876
311,0.9528592,0.54688495,0.07254313
312,0.22402075,0.8317255,0.07650025
313,0.34618682,0.35426295,0.16892877
314,0.04869054,0.8180556,0.47665048
315,0.78001225,0.7773135,0.16240343
316,0.7090276,0.85861146,0.049911097
317,0.9837146,0.722756,0.19633184
318,0.571815,0.70687824,0.44328716
319,0.077656485,0.76369506,0.7151148
320,0.9129811,0.6819462,0.42658064
321,0.8557763,0.442108,0.818186
322,0.25515032,0.95108986,0.97256523
323,0.8707024,0.16636442,0.30566746
324,0.8429844,0.6465463,0.5754656
325,0.786137,0.99662083,0.87627244
326,0.72572786,0.4649653,0.07652496
327,0.031833958,0.19521233,0.20440958
328,0.54881597,0.89342755,0.9987458
329,0.80255485,0.29363024,0.4772565
330,0.30601993,0.21350747,0.58289266
331,0.47828117,0.503196,0.7299124
332,0.8767035,0.56830966,0.6206732
333,0.42733437,0.9582577,0.21389979
334,0.5082134,0.7516205,0.4951515
335,0.6174217,0.91899496,0.59185374
336,0.042102136,0.36729026,0.5850398
337,0.095074244,0.20873295,0.51437086
338,0.8868878,0.26485392,0.810621
339,0.6000528,0.9546721,0.39760458
340,0.1844237,0.82381845,0.98605585
341,0.32146192,0.50789213,0.8114602
342,0.5672536,0.68520087,0.31674927
343,0.8807331,0.8401766,0.17464288
344,0.6101432,0.537247,0.5023226
345,0.9346085,0.56055564,0.9372989
346,0.7100198,0.30273542,0.11485226
347,0.018037617,0.88459176,0.4950712
348,0.4138746,0.552898,0.5307415
349,0.5506071,0.10228572,0.6811531
350,0.0022398157,0.5972798,0.69970447
351,0.4673948,0.85094494,0.26810467
352,0.44462952,0.59666735,0.87548226
353,0.1567813,0.029096883,0.8813795
354,0.21834606,0.07068453,0.80498433
355,0.40751857,0.34697533,0.26036328
356,0.15777476,0.898766,0.20596088
357,0.984926,0.77645355,0.16662316
358,0.8026559,0.58237165,0.10621937
359,0.19356881,0.9470709,0.4098049
360,0.5382915,0.054492507,0.17256325
361,0.013601207,0.32306686,0.81998587
362,0.91536963,0.0636568,0.96891725
363,0.5450334,0.3057396,0.6182339
364,0.7663649,0.13532971,0.49654892
365,0.8327792,0.6364266,0.99985486
366,0.07717955,0.12699899,0.40893248
367,0.29830277,0.19197527,0.9309001
368,0.038580026,0.5167762,0.09841972
369,0.46114892,0.33254984,0.657492
370,0.19338991,0.2345236,0.32804394
371,0.013422446,0.7988923,0.34110174
372,0.72417516,0.4821091,0.3148274
373,0.91015995,0.1792514,0.19856386
374,0.193071,0.23265241,0.86695385
375,0.5816217,0.6210544,0.122105874
376,0.12357932,0.8620859,0.09677963
377,0.83261836,0.03457139,0.595083
378,0.737802,0.52821255,0.14036036
379,0.91698545,0.4424673,0.7964603
380,0.31051266,0.4323996,0.47965714
381,0.91202986,0.27816802,0.12281128
382,0.5817869,0.39895457,0.02502419
383,0.5757278,0.1996882,0.04854261
384,0.19959456,0.78903526,0.5504042
385,0.1915738,0.72003967,0.44341338
386,0.081828505,0.08821009,0.41866243
387,0.11508256,0.074960604,0.1661538
388,0.776008,0.8457672,0.20639911
389,0.86895007,0.2581193,0.5714576
390,0.49370056,0.31180608,0.498532
391,0.6609147,0.50695187,0.01935511
392,0.5665165,0.30771834,0.69745487
393,0.019074785,0.03407087,0.4695774
394,0.07072495,0.65875196,0.9884287
395,0.16662318,0.40275544,0.9555404
396,0.96992636,0.9625471,0.08407374
397,0.67121637,0.2709115,0.54636747
398,0.29599375,0.39093953,0.63316804
399,0.3543235,0.37954584,0.99821633
400,0.7717643,0.46062118,0.42379564
401,0.62117136,0.8666902,0.30706754
402,0.7055432,0.62062037,0.4345563
403,0.06605606,0.42764345,0.5916977
404,0.22166823,0.6963461,0.19733639
405,0.22667913,0.41494435,0.105176084
406,0.5135319,0.8305207,0.8236053
407,0.5006576,0.20702218,0.5747572
408,0.65047985,0.49169967,0.06878394
409,0.13187693,0.5146829,0.8567621
410,0.28005233,0.030842166,0.91980654
411,0.9136458,0.3547804,0.940473
412,0.2748764,0.95219356,0.3811107
413,0.28413484,0.3477379,0.863981
414,0.43360424,0.0429567,0.9377793
415,0.12690881,0.18629973,0.18153016
416,0.33812347,0.8017547,0.5609718
417,0.3107598,0.8455648,0.76670796
418,0.33677778,0.41512778,0.6405864
419,0.9422534,0.7071938,0.69771975
420,0.5490138,0.15553392,0.14680792
421,0.104582705,0.7302875,0.31698972
422,0.38470155,0.62534505,0.65985435
423,0.5127553,0.50507635,0.75474715
424,0.5615297,0.4199893,0.9312337
425,0.08998994,0.08596874,0.59220713
426,0.22542447,0.9396242,0.53318393
427,0.23402607,0.5887976,0.5013609
428,0.8148451,0.26895708,0.9941697
429,0.8001135,0.7692566,0.93511224
430,0.1368958,0.7791798,0.79135793
431,0.74776214,0.8612061,0.23897359
432,0.7750008,0.34628493,0.7096148
433,0.5828218,0.03535235,0.7672101
434,0.5980556,0.09343368,0.8816449
435,0.935052,0.052645028,0.3607437
436,0.08744053,0.48364815,0.237218
437,0.10886448,0.42054096,0.15694804
438,0.8496965,0.44069302,0.65632004
439,0.042515032,0.66117597,0.91648847
440,0.2924205,0.16873905,0.5572368
441,0.73669785,0.43629575,0.15048727
442,0.24350189,0.9225808,0.7700429
443,0.99414825,0.6050479,0.71495646
444,0.99100673,0.47481674,0.16715577
445,0.5265885,0.02300048,0.7488473
446,0.108455464,0.4455651,0.2794571
447,0.35026985,0.48549363,0.81960887
448,0.26165515,0.32140014,0.1532298
449,0.18295315,0.02001507,0.9855915
450,0.3707486,0.27037948,0.95028114
451,0.12081396,0.80671483,0.882558
452,0.3710313,0.88903445,0.52553886
453,0.65377074,0.178739,0.7564326
454,0.64639634,0.547968,0.39801702
455,0.47470802,0.47799093,0.57276064
456,0.08232266,0.6616126,0.25741458
457,0.19918019,0.60401976,0.10025565
458,0.95109594,0.47416174,0.21793781
459,0.2353802,0.24516378,0.7167009
460,0.45078862,0.7699286,0.035398833
461,0.8527534,0.019460991,0.28034037
462,0.3593666,0.48155874,0.85684323
463,0.832571,0.35719615,0.24819654
464,0.87465376,0.10285485,0.48808554
465,0.00425481,0.34553143,0.58775145
466,0.3788803,0.7194793,0.88357306
467,0.34141597,0.9450414,0.4743032
468,0.08047123,0.4193045,0.44848073
469,0.23643625,0.47789204,0.56139725
470,0.18729818,0.16905992,0.6574241
471,0.5569052,0.6357717,0.92798597
472,0.30970073,0.94756675,0.84464216
473,0.9270662,0.15704346,0.45381176
474,0.0062983376,0.7238539,0.17583854
475,0.9778555,0.63451165,0.33261484
476,0.45265076,0.25869313,0.5898608
477,0.013327419,0.1606518,0.5167236
478,0.03802445,0.050926287,0.8142613
479,0.22589052,0.9551062,0.37276638
480,0.9003232,0.7879937,0.98456925
481,0.9461217,0.17938007,0.5160975
482,0.65338826,0.054937135,0.15097979
483,0.7852651,0.8468435,0.7224673
484,0.40389165,0.6191554,0.19636853
485,0.7834947,0.7272349,0.07975863
486,0.69132984,0.6341928,0.39136583
487,0.95071596,0.5395147,0.9447928
488,0.631823,0.6903304,0.20429331
489,0.22362657,0.12644395,0.9593546
490,0.56133777,0.9418293,0.33952606
491,0.06366477,0.0023674294,0.9069352
492,0.87071604,0.64470136,0.89523053
493,0.14614204,0.77053624,0.73954743
494,0.10694774,0.7793329,0.04463952
495,0.37277627,0.50377476,0.5639227
496,0.9792492,0.3373316,0.19702727
497,0.4321542,0.41740164,0.60269797
498,0.56179357,0.602614,0.74499404
499,0.67002493,0.59291124,0.9133956
500,0.8724086,0.8743053,0.116784185
501,0.2040674,0.74010235,0.7697311
502,0.14121331,0.56241685,0.4516625
503,0.1068554,0.59547675,0.16816756
504,0.41057435,0.561815,0.60102516
505,0.75827336,0.9017938,0.32081375
506,0.4181098,0.23766492,0.42078444
507,0.08408857,0.16812257,0.69104016
508,0.019681757,0.7859261,0.24717036
509,0.08115622,0.17139496,0.015498266
510,0.92103344,0.65843314,0.8899591
511,0.14939184,0.10058896,0.92490727
512,0.38256618,0.40904483,0.5551303
513,0.95912194,0.74524194,0.59422475
514,0.7729641,0.28067884,0.9910261
515,0.2506878,0.4118964,0.23438987
516,0.7316901,0.5637495,0.25497028
517,0.01909973,0.047068488,0.99821156
518,0.6123587,0.5533313,0.5239881
519,0.41819412,0.97336847,0.0022198344
520,0.08047894,0.60731524,0.61466146
521,0.6303688,0.086343676,0.65190876
522,0.6896809,0.048765756,0.3506436
523,0.7061292,0.6141947,0.013292236
524,0.014845651,0.4027657,0.38696522
525,0.18615064,0.2961496,0.5875166
526,0.563072,0.32164302,0.35211897
527,0.12320819,0.01465888,0.84243935
528,0.71051437,0.12744465,0.7245215
529,0.67739046,0.67957413,0.9644982
530,0.9631011,0.8509023,0.9319813
531,0.8143444,0.84479666,0.7295844
532,0.5566019,0.688399,0.22481798
533,0.15255105,0.6032797,0.83031374
534,0.4824878,0.2402912,0.19297206
535,0.6972723,0.97722024,0.14738779
536,0.34751636,0.69546187,0.9041042
537,0.46047902,0.5566023,0.34819138
538,0.60576725,0.7108687,0.47182572
539,0.23822485,0.67348325,0.66527665
540,0.55050105,0.71357906,0.43084615
541,0.036113493,0.9209805,0.98973054
542,0.09318932,0.046993352,0.23103715
543,0.6779613,0.862025,0.88768905
544,0.675443,0.19513129,0.06743271
545,0.5774185,0.30489758,0.032095224
546,0.96354175,0.6819107,0.38531405
547,0.8937325,0.018619694,0.7319993
548,0.35601184,0.0045945006,0.3448881
549,0.5991152,0.35341263,0.21701103
550,0.5706945,0.52088165,0.12067983
551,0.6057842,0.24165146,0.9581544
552,0.86521405,0.52217305,0.46689776
553,0.2714741,0.6526674,0.77217805
554,0.02060707,0.5579419,0.73121476
555,0.20459114,0.04122973,0.5522774
556,0.88824797,0.7161229,0.13379756
557,0.023389872,0.87018275,0.8893046
558,0.517212,0.86505765,0.95000565
559,0.6663662,0.9411402,0.063703656
560,0.47217754,0.8134548,0.38632083
561,0.921642,0.5020465,0.019972092
562,0.4591126,0.7253727,0.14232725
563,0.37437308,0.16193601,0.9133814
564,0.16424482,0.022049239,0.84634155
565,0.8171786,0.8689321,0.7387647
566,0.8756318,0.90726894,0.87826025
567,0.15503106,0.6076773,0.6894216
568,0.21676213,0.828273,0.40339217
569,0.4644798,0.8198815,0.24402767
570,0.11018231,0.59858364,0.14253172
571,0.89499515,0.38462743,0.045449078
572,0.037364643,0.28654417,0.7337381
573,0.54923236,0.2079739,0.12427499
574,0.6285417,0.49480066,0.63267016
575,0.6330966,0.8971148,0.29668304
576,0.7789165,0.7538381,0.48414147
577,0.36302978,0.078118466,0.98159057
578,0.29400995,0.4297422,0.27959773
579,0.6052348,0.57113105,0.711557
580,0.5307743,0.67115957,0.9792001
581,0.47601736,0.49704158,0.6898579
582,0.4125726,0.46887642,0.051003285
583,0.25037435,0.9222196,0.24006297
584,0.5137047,0.3513844,0.44072735
585,0.633657,0.73374766,0.56643945
586,0.7652255,0.5200468,0.9747297
587,0.4934668,0.26633114,0.87640357
588,0.6461385,0.28893882,0.6024719
589,0.0010909933,0.27591464,0.44370347
590,0.31943548,0.36023152,0.5487798
591,0.1301867,0.8923084,0.27884406
592,0.9381506,0.91925186,0.47550336
593,0.072294064,0.050626013,0.8792489
594,0.5494505,0.44853762,0.5642148
595,0.6872874,0.34125325,0.007208956
596,0.24599497,0.72540236,0.23515165
597,0.5495466,0.53462917,0.8746875
598,0.43957993,0.20235401,0.73518246
599,0.7812552,0.4123072,0.86014324
600,0.48517868,0.112577416,0.21819925
601,0.67670584,0.39322135,0.9471903
602,0.21770836,0.08741124,0.9947828
603,0.66265863,0.81241685,0.3466527
604,0.055230215,0.97485816,0.36474997
605,0.0038687189,0.8410399,0.44305575
606,0.26853627,0.57857424,0.46190557
607,0.69420457,0.6207801,0.74858123
608,0.8442193,0.70938367,0.07594666
609,0.13830724,0.32945985,0.6013704
610,0.64630866,0.5001237,0.97499424
611,0.59520745,0.54876816,0.58319616
612,0.42055264,0.43587834,0.7948203
613,0.52754277,0.8432562,0.050803717
614,0.35949335,0.21635716,0.707272
615,0.14501998,0.4835413,0.98726887
616,0.08165181,0.3213141,0.42166722
617,0.6038025,0.7599685,0.88454306
618,0.11500317,0.9558297,0.23493719
619,0.11355479,0.685999,0.6557367
620,0.0548854,0.5449891,0.14158659
621,0.93223125,0.16035464,0.5972211
622,0.88263583,0.88702786,0.888803
623,0.8106194,0.16907173,0.15989959
624,0.4276521,0.75299346,0.60929185
625,0.4982265,0.3174545,0.3415232
626,0.932756,0.8622855,0.16498609
627,0.30197033,0.7543671,0.41117135
628,0.9748548,0.2385564,0.8061769
629,0.075766936,0.65901244,0.99494106
630,0.8239476,0.81861895,0.07692821
631,0.9766448,0.8226837,0.07735045
632,0.79736966,0.30205935,0.5116096
633,0.49418283,0.16931242,0.708222
634,0.06523699,0.7466683,0.22522259
635,0.77547413,0.7702786,0.35755044
636,0.4065478,0.20597938,0.18807904
637,0.19501457,0.99261415,0.031960536
638,0.3631236,0.3202591,0.7925606
639,0.30103624,0.8835013,0.79756624
640,0.26014984,0.4951738,0.98665273
641,0.77333695,0.51668674,0.16118881
642,0.06300807,0.36009192,0.4165469
643,0.2090223,0.3347314,0.7463983
644,0.0023210624,0.5806918,0.19534822
645,0.6285752,0.3562681,0.038799435
646,0.5579256,0.67724323,0.48425913
647,0.18705286,0.7606947,0.32470128
648,0.9856823,0.94009227,0.4939428
649,0.3871129,0.19745642,0.28641704
650,0.9317746,0.625508,0.21139319
651,0.18882948,0.5630182,0.9286031
652,0.9818135,0.0038028753,0.7859175
653,0.60120136,0.025290595,0.8731567
654,0.7605705,0.5229933,0.71335334
655,0.37575594,0.8275367,0.49148384
656,0.97681713,0.4688209,0.15437947
657,0.8175592,0.45893958,0.08019436
658,0.7667436,0.6309158,0.5008822
659,0.6568384,0.14481033,0.5168477
660,0.924434,0.80730087,0.03637616
661,0.9670887,0.33133903,0.016589345
662,0.90431094,0.39604044,0.4721676
663,0.14753744,0.08123922,0.035264704
664,0.47923005,0.69966555,0.39663923
665,0.97282696,0.4512713,0.5966117
666,0.48838037,0.40792954,0.24887623
667,0.5217751,0.54708755,0.3927738
668,0.26223376,0.70946044,0.8533926
669,0.4495123,0.5567882,0.62463945
670,0.753429,0.04134561,0.8589694
671,0.694377,0.7761675,0.53246826
672,0.65483546,0.22659132,0.5104273
673,0.670232,0.20565216,0.47131112
674,0.20795003,0.54540056,0.46741745
675,0.3199999,0.041984357,0.7589262
676,0.2573873,0.03871596,0.23112379
677,0.804502,0.17535779,0.12746309
678,0.30721426,0.5396649,0.16391677
679,0.76865155,0.2613454,0.638626
680,0.4662771,0.6516157,0.90567863
681,0.79721093,0.52038115,0.9327134
682,0.19291078,0.51996726,0.53442645
683,0.27207503,0.67821777,0.063239194
684,0.93476754,0.19807002,0.6168455
685,0.14372969,0.28878772,0.19579604
686,0.22577606,0.791677,0.40726036
687,0.7934245,0.8955343,0.7857357
688,0.3707092,0.5101205,0.2940538
689,0.7976352,0.091915265,0.23186453
690,0.90563667,0.1982574,0.2690349
691,0.0009406702,0.42823145,0.75391376
692,0.07108056,0.6376916,0.5168067
693,0.42859265,0.8316494,0.029458135
694,0.20682302,0.9388816,0.5318109
695,0.21084405,0.31783625,0.11419579
696,0.5490583,0.6939047,0.6813962
697,0.76699626,0.4997192,0.9524309
698,0.25747752,0.0035585682,0.078067966
699,0.3325618,0.42160046,0.040231124
700,0.19613333,0.8628778,0.851128
701,0.40332884,0.80668026,0.3107971
702,0.029663092,0.44657522,0.13847941
703,0.64577734,0.75032556,0.03128063
704,0.32798994,0.89086264,0.9414492
705,0.5703717,0.14369904,0.2881924
706,0.5675957,0.031009475,0.45633358
707,0.75393814,0.21793835,0.31858206
708,0.32980007,0.6237324,0.9633629
709,0.19069064,0.16213648,0.60187566
710,0.12204552,0.23767933,0.5076616
711,0.1366143,0.36751238,0.30741397
712,0.6291096,0.07777811,0.5684602
713,0.23817241,0.6915653,0.39521736
714,0.9165593,0.9308626,0.9466579
715,0.60071766,0.93996525,0.28494683
716,0.6373889,0.38555834,0.54746336
717,0.4772981,0.8043615,0.25175804
718,0.8141074,0.11113513,0.6716982
719,0.6597505,0.4993734,0.19944341
720,0.31337434,0.43822774,0.27473596
721,0.0118557885,0.21266986,0.7403892
722,0.9865203,0.13707054,0.51025504
723,0.22665016,0.3095429,0.5707796
724,0.037576657,0.4204576,0.52575535
725,0.37870055,0.9945709,0.2942516
726,0.61353934,0.79968125,0.7926677
727,0.34447268,0.9711706,0.014335976
728,0.52066994,0.0005764633,0.12241354
729,0.5666804,0.51701885,0.6153285
730,0.49873677,0.8690848,0.7745025
731,0.75364405,0.89252704,0.22593936
732,0.11422569,0.38636976,0.28894386
733,0.009464116,0.65470016,0.30624628
734,0.0022850162,0.45604154,0.86802685
735,0.16150801,0.046661038,0.17208125
736,0.062296867,0.27634305,0.87977815
737,0.9769847,0.84357,0.94236577
738,0.2995709,0.6643643,0.07180799
739,0.32094428,0.8692125,0.37511975
740,0.64671457,0.94272614,0.16616233
741,0.64091915,0.32926816,0.65335965
742,0.40233395,0.5163572,0.68372446
743,0.0019710783,0.12884822,0.025370713
744,0.7602152,0.6416047,0.061683193
745,0.91045654,0.79438,0.6869455
746,0.18741496,0.28776535,0.66348577
747,0.9860309,0.475923,0.20856483
748,0.3507733,0.12934998,0.13894828
749,0.9804759,0.8606062,0.6390927
750,0.19497491,0.41269714,0.9745055
751,0.13659187,0.8423895,0.7213399
752,0.54389244,0.17186747,0.10963128
753,0.9249835,0.89358294,0.08358924
754,0.99601877,0.4949428,0.3334959
755,0.31827465,0.5349705,0.91274333
756,0.83488786,0.84871787,0.5266961
757,0.19566423,0.76994145,0.14035016
758,0.81111187,0.30202428,0.14356746
759,0.06228436,0.023294546,0.8619106
760,0.5804311,0.71818244,0.8864267
761,0.15144786,0.0006990749,0.5174199
762,0.31866017,0.8500007,0.23695303
763,0.12890746,0.1610672,0.97599924
764,0.90822613,0.3507055,0.17197293
765,0.27029702,0.06799735,0.87808186
766,0.13911344,0.5132539,0.76142687
767,0.63779104,0.029935855,0.34438843
768,0.9365074,0.11877535,0.12235078
769,0.5261689,0.4462717,0.20514686
770,0.36608407,0.85024154,0.4612072
771,0.81437534,0.65875155,0.33161256
772,0.122040264,0.68805104,0.8892066
773,0.34581265,0.025712179,0.41022912
774,0.43134934,0.5981014,0.037130035
775,0.29392684,0.3354151,0.19507457
776,0.7090601,0.94576705,0.7324307
777,0.01921196,0.873291,0.7235111
778,0.61769396,0.050542302,0.20568411
779,0.70028144,0.54708046,0.8633711
780,0.8503297,0.5975999,0.644309
781,0.68297,0.9387803,0.17455481
782,0.9558436,0.5380222,0.46453887
783,0.46145168,0.588621,0.38856855
784,0.9242476,0.072948374,0.29312837
785,0.007912284,0.19114672,0.03618359
786,0.04213445,0.68983084,0.8537255
787,0.553141,0.45176762,0.1355139
788,0.42226624,0.12809728,0.45935825
789,0.67605925,0.28965336,0.17641556
790,0.29039034,0.68912524,0.62563986
791,0.6346863,0.6721818,0.57318807
792,0.5874101,0.5944966,0.46810794
793,0.52894866,0.14684749,0.5009198
794,0.7793306,0.85674214,0.3592021
795,0.70566136,0.9876521,0.31155777
796,0.052584123,0.22884531,0.731597
797,0.0074943965,0.3903584,0.39589792
798,0.72852904,0.54203874,0.94735515
799,0.5726735,0.5303757,0.6488245
800,0.40155762,0.12569253,0.20550466
801,0.6847482,0.2366811,0.47916722
802,0.67916995,0.20164818,0.0065836823
803,0.935761,0.9126195,0.18772843
804,0.35352212,0.26859584,0.9048573
805,0.3424032,0.6574207,0.16602227
806,0.9239243,0.28813967,0.14730936
807,0.19472419,0.06260718,0.35615554
808,0.43004096,0.812709,0.28811875
809,0.2388595,0.353017,0.9626689
810,0.47390008,0.41142672,0.27803352
811,0.2873271,0.8889802,0.8690204
812,0.46408045,0.033263024,0.16228437
813,0.13805893,0.11779537,0.6916588
814,0.71888477,0.16360553,0.08933336
815,0.16050981,0.045066103,0.8868276
816,0.9209831,0.9790805,0.3532933
817,0.34514725,0.5902853,0.24266522
818,0.4475254,0.2999592,0.049325544
819,0.86399895,0.057201747,0.06866201
820,0.45781246,0.02645809,0.843739
821,0.10330578,0.7782156,0.99942374
822,0.03891671,0.6073824,0.26676005
823,0.71263605,0.034134068,0.41447663
824,0.08618791,0.1946587,0.58754265
825,0.18950142,0.6442814,0.19481483
826,0.18284537,0.23112051,0.13364218
827,0.65643513,0.6353855,0.7860692
828,0.28948992,0.40794778,0.75545573
829,0.21254025,0.9865166,0.8402912
830,0.33776268,0.9913554,0.23917799
831,0.68566215,0.19165471,0.21336882
832,0.9896051,0.7253587,0.7081849
833,0.57711256,0.44367254,0.9701008
834,0.1775983,0.8706699,0.09268575
835,0.34222323,0.21422394,0.6305856
836,0.67181575,0.32085302,0.14908424
837,0.13745335,0.56240886,0.22870666
838,0.55767286,0.2942709,0.05675731
839,0.73121285,0.098929174,0.34952474
840,0.21119645,0.31178966,0.19578674
841,0.5827884,0.5319589,0.87893325
842,0.6532204,0.70342034,0.76577306
843,0.71812433,0.20023426,0.9844909
844,0.429803,0.6459263,0.47806796
845,0.8732789,0.7899703,0.35524464
846,0.5470482,0.8269236,0.026177341
847,0.4672371,0.25894415,0.6056207
848,0.7967002,0.62338185,0.30619228
849,0.106373794,0.55247355,0.6669666
850,0.07971317,0.84365606,0.6944229
851,0.6826414,0.12963854,0.19459459
852,0.11192305,0.86672693,0.003856508
853,0.50019217,0.9530153,0.9060801
854,0.6399866,0.99887115,0.9773886
855,0.5848516,0.47287035,0.1596732
856,0.86253625,0.65539175,0.8412364
857,0.5076251,0.7049514,0.15391956
858,0.052206058,0.50649816,0.20348446
859,0.81330085,0.6995348,0.29633453
860,0.2677458,0.7757352,0.7305565
861,0.11642768,0.9562952,0.9078363
862,0.7585379,0.7637553,0.95730954
863,0.5278498,0.9307597,0.23669867
864,0.005468298,0.74049586,0.7292276
865,0.7518988,0.32032457,0.755485
866,0.44870737,0.88758576,0.3062696
867,0.07519915,0.5811502,0.15724662
868,0.6691656,0.9858992,0.5653522
869,0.3737475,0.015362533,0.14009944
870,0.06338139,0.10322369,0.48353288
871,0.42165315,0.99867874,0.009633814
872,0.38899735,0.6801457,0.23366201
873,0.30655915,0.056310367,0.7094329
874,0.42151076,0.3333624,0.8792062
875,0.6747865,0.72164536,0.085252754
876,0.4728893,0.7192542,0.36237597
877,0.38080916,0.4573994,0.68755263
878,0.8053106,0.8761772,0.86791444
879,0.6453622,0.002145388,0.090831816
880,0.7599461,0.14353308,0.14530036
881,0.5570389,0.041859094,0.73873
882,0.8346199,0.3986012,0.93422776
883,0.007106183,0.08828135,0.39159063
884,0.17790677,0.11981598,0.17240234
885,0.2161927,0.19340046,0.9930072
886,0.82641166,0.1794819,0.23626888
887,0.98709244,0.63152236,0.65334207
888,0.09031638,0.8145659,0.17831463
889,0.39335272,0.34949794,0.4486214
890,0.76170653,0.9496895,0.3094983
891,0.6626221,0.83358675,0.40173414
892,0.4676476,0.58703303,0.26922098
893,0.9005688,0.3426865,0.5450537
894,0.15141164,0.05970813,0.8557697
895,0.24561243,0.29081205,0.6004535
896,0.52103853,0.8440898,0.39917043
897,0.72554463,0.8898383,0.9775243
898,0.04384658,0.05236322,0.045974355
899,0.39592016,0.80244595,0.64339966
900,0.22211847,0.7300452,0.33220038
901,0.9228753,0.49096596,0.2922871
902,0.6732878,0.7488687,0.0042563113
903,0.80621094,0.5512506,0.41147542
904,0.7043996,0.8502406,0.37165844
905,0.17174952,0.48663557,0.9136107
906,0.07108996,0.88952035,0.09410091
907,0.6879941,0.87248474,0.2217892
908,0.48890218,0.7179908,0.8271982
909,0.45080772,0.92246586,0.54581034
910,0.31538683,0.7115818,0.6899751
911,0.005500727,0.8042589,0.3714234
912,0.11058499,0.5806873,0.327551
913,0.41899002,0.6288127,0.91273606
914,0.9481329,0.06177159,0.72995615
915,0.77510047,0.5977631,0.21909593
916,0.021171402,0.5241788,0.421826
917,0.030572169,0.59238404,0.65962
918,0.40200093,0.26652664,0.53957987
919,0.18963268,0.1903654,0.45939305
920,0.77070993,0.5110541,0.5938498
921,0.40605196,0.8172364,0.66512996
922,0.8947217,0.376905,0.7217324
923,0.33087724,0.7373267,0.3784648
924,0.6144257,0.028444493,0.6814151
925,0.41569486,0.15649803,0.7809378
926,0.38953283,0.7519142,0.5398304
927,0.022027288,0.72350097,0.31767264
928,0.10880212,0.57915324,0.22120099
929,0.94939876,0.9774517,0.66149193
930,0.64525396,0.771304,0.20064701
931,0.6018048,0.58473104,0.22532555
932,0.1731137,0.47689593,0.8453218
933,0.4743469,0.9579978,0.7248806
934,0.9383457,0.6725957,0.34075195
935,0.92639893,0.5703967,0.90444
936,0.48414558,0.45085543,0.36567152
937,0.5807072,0.4399562,0.36526084
938,0.761928,0.28191662,0.7133174
939,0.80156577,0.54878235,0.87561494
940,0.5002733,0.427917,0.4258829
941,0.5198962,0.8081858,0.056221604
942,0.3807578,0.51751876,0.15221551
943,0.8093285,0.031895757,0.15873209
944,0.1254316,0.40461424,0.29087314
945,0.6999427,0.5554321,0.82604736
946,0.59368896,0.46272278,0.14498514
947,0.1769398,0.5193771,0.501146
948,0.8892812,0.07365006,0.43633574
949,0.15119961,0.8745645,0.91795254
950,0.110049255,0.92565304,0.51381487
951,0.10823703,0.43754324,0.41666254
952,0.25494263,0.5695429,0.25917798
953,0.8246867,0.7874173,0.71501875
954,0.84941757,0.7102594,0.19632703
955,0.94550335,0.6455619,0.18678081
956,0.21795492,0.14852977,0.304088
957,0.50768054,0.2694663,0.74487656
958,0.9666618,0.7535804,0.7792738
959,0.20210634,0.5738193,0.10922925
960,0.7181177,0.9433049,0.22962373
961,0.40410563,0.072011255,0.8149777
962,0.8737064,0.5277293,0.7525124
963,0.8270473,0.57781196,0.18077058
964,0.830469,0.13492587,0.9683305
965,0.671788,0.7670283,0.9339177
966,0.24304292,0.26828715,0.564046
967,0.949798,0.7129019,0.58113426
968,0.65913975,0.96980613,0.55516374
969,0.1494409,0.7976723,0.8535792
970,0.2733468,0.20464256,0.26348522
971,0.7207748,0.10546915,0.9712362
972,0.15641193,0.69915533,0.16637841
973,0.021315884,0.9153664,0.60523087
974,0.3933457,0.36564675,0.14596868
975,0.07965068,0.38537678,0.88781565
976,0.5803358,0.54996645,0.9260854
977,0.33248758,0.021891316,0.6723322
978,0.943723,0.2796902,0.29713684
979,0.4221109,0.83521485,0.51130724
980,0.059579033,0.08506541,0.18865275
981,0.82566935,0.14073907,0.43120193
982,0.5425435,0.3544934,0.07630824
983,0.8787585,0.7478368,0.36030263
984,0.30347055,0.46008226,0.19969353
985,0.42158982,0.44054025,0.6754362
986,0.35484475,0.07713122,0.8513749
987,0.58074117,0.1413828,0.9832932
988,0.59087235,0.34830084,0.019698499
989,0.761711,0.080874056,0.35991734
990,0.545625,0.3840463,0.11500768
991,0.4739794,0.7440884,0.4792478
992,0.8626502,0.5933178,0.7478466
993,0.81763595,0.00842967,0.73077935
994,0.19744892,0.2921242,0.28309873
995,0.5799686,0.5912137,0.75300175
996,0.4658291,0.09663647,0.09739048
997,0.63521063,0.11050514,0.0106240725
998,0.059940297,0.8410531,0.7690605
999,0.33526796,0.2568151,0.83589256
1000,0.3947233,0.6350642,0.7505125
